<?xml version='1.0' encoding='utf-8'?>
<TextureAtlas imagePath="doce.png"><SubTexture name="doce idle0000" x="0" y="0" width="103" height="98" frameX="-1" frameY="0" frameWidth="110" frameHeight="98" />
<SubTexture name="doce idle0001" x="103" y="0" width="105" height="98" frameX="0" frameY="0" frameWidth="110" frameHeight="98" />
<SubTexture name="doce idle0002" x="0" y="98" width="105" height="98" frameX="0" frameY="0" frameWidth="110" frameHeight="98" />
<SubTexture name="doce idle0003" x="208" y="0" width="105" height="98" frameX="0" frameY="0" frameWidth="110" frameHeight="98" />
<SubTexture name="doce idle0004" x="208" y="98" width="105" height="98" frameX="0" frameY="0" frameWidth="110" frameHeight="98" />
<SubTexture name="doce idle0005" x="0" y="196" width="106" height="98" frameX="0" frameY="0" frameWidth="110" frameHeight="98" />
<SubTexture name="doce idle0006" x="106" y="196" width="107" height="98" frameX="0" frameY="0" frameWidth="110" frameHeight="98" />
<SubTexture name="doce idle0007" x="313" y="0" width="110" height="98" frameX="0" frameY="0" frameWidth="110" frameHeight="98" />
<SubTexture name="doce idle0008" x="313" y="98" width="110" height="98" frameX="0" frameY="0" frameWidth="110" frameHeight="98" />
<SubTexture name="doce idle0009" x="313" y="196" width="110" height="98" frameX="0" frameY="0" frameWidth="110" frameHeight="98" />
<SubTexture name="doce idle0010" x="0" y="294" width="110" height="98" frameX="0" frameY="0" frameWidth="110" frameHeight="98" />
<SubTexture name="doce idle0011" x="110" y="294" width="110" height="98" frameX="0" frameY="0" frameWidth="110" frameHeight="98" />
<SubTexture name="doce idle0012" x="110" y="294" width="110" height="98" frameX="0" frameY="0" frameWidth="110" frameHeight="98" />
<SubTexture name="doce idle0013" x="220" y="294" width="110" height="98" frameX="0" frameY="0" frameWidth="110" frameHeight="98" />
<SubTexture name="doce idle0014" x="423" y="0" width="110" height="98" frameX="0" frameY="0" frameWidth="110" frameHeight="98" />
</TextureAtlas>
