{
	"animations": [
		{
			"offsets": [
				20,
				160
			],
			"indices": [],
			"fps": 24,
			"anim": "idle",
			"loop": false,
			"name": "muerto"
		},
		{
			"offsets": [
				20,
				160
			],
			"indices": [],
			"fps": 24,
			"anim": "singLEFT",
			"loop": false,
			"name": "muerto"
		},
		{
			"offsets": [
				20,
				160
			],
			"indices": [],
			"fps": 24,
			"anim": "singRIGHT",
			"loop": false,
			"name": "muerto"
		},
		{
			"offsets": [
				20,
				160
			],
			"indices": [],
			"fps": 24,
			"anim": "singUP",
			"loop": false,
			"name": "muerto"
		},
		{
			"offsets": [
				20,
				160
			],
			"indices": [],
			"fps": 24,
			"anim": "singDOWN",
			"loop": false,
			"name": "muerto"
		}
	],
	"no_antialiasing": true,
	"image": "characters/venudo",
	"position": [
		0,
		300
	],
	"healthicon": "venudo",
	"flip_x": true,
	"healthbar_colors": [
		0,
		0,
		0
	],
	"camera_position": [
		0,
		0
	],
	"sing_duration": 4,
	"scale": 0.5
}